k,distance2score,weight(sift vs color),map@1,map@5,map@10,hit_rate@1,hit_rate@5,hit_rate@10,recall@1,recall@5,recall@10,recall@100,recall@1000,avg_indexing_time,avg_retrieval_time,weight(sift vs color vs resnet)
6353,exp,,0.879863,0.827304,0.795017,0.879863,0.965188,0.974061,0.0,0.0,0.0,0.0,0.0,0.012997,0.043442,"(0.16, 0.04, 0.8)"
6353,exp,,0.869625,0.814334,0.780819,0.869625,0.956997,0.973379,0.0,0.0,0.0,0.0,0.0,0.012997,0.003675,"(0.32, 0.08, 0.6)"
6353,exp,,0.85802,0.803413,0.764642,0.85802,0.952901,0.969283,0.0,0.0,0.0,0.0,0.0,0.012997,0.004133,"(0.4, 0.1, 0.5)"
6353,exp,,0.838225,0.778703,0.736997,0.838225,0.944027,0.965188,0.0,0.0,0.0,0.0,0.0,0.012997,0.004157,"(0.48, 0.12, 0.4)"
6353,exp,,0.745392,0.672765,0.62157,0.745392,0.884642,0.924232,0.0,0.0,0.0,0.0,0.0,0.012997,0.003683,"(0.64, 0.16, 0.2)"
