k,distance2score,weight(sift vs color vs resnet),map@1,map@5,map@10,hit_rate@1,hit_rate@5,hit_rate@10,recall@1,recall@5,recall@10,recall@100,recall@1000,avg_indexing_time,avg_retrieval_time
6353,exp,"(0.16, 0.04, 0.8)",0.436519,0.722009,0.774087,0.873038,0.838771,0.801843,0.014099,0.066712,0.125761,0.557948,0.929494,0.012309,0.048446
6353,exp,"(0.32, 0.08, 0.6)",0.433788,0.716522,0.766847,0.867577,0.826485,0.790034,0.013908,0.065267,0.122725,0.54261,0.921546,0.012309,0.003712
6353,exp,"(0.4, 0.1, 0.5)",0.430375,0.707799,0.756372,0.860751,0.813925,0.77802,0.013712,0.063743,0.119679,0.523309,0.910957,0.012309,0.00409
6353,exp,"(0.48, 0.12, 0.4)",0.422867,0.693414,0.739999,0.845734,0.790853,0.7557,0.013352,0.061367,0.114479,0.488053,0.889254,0.012309,0.00414
6353,exp,"(0.64, 0.16, 0.2)",0.379181,0.619229,0.65654,0.758362,0.689283,0.636792,0.011448,0.049881,0.087719,0.34638,0.756345,0.012309,0.004134
