k,distance2score,weight(sift vs color vs resnet),map@1,map@5,map@10,hit_rate@1,hit_rate@5,hit_rate@10,avg_indexing_time,avg_retrieval_time
6353,exp,"(0.16, 0.04, 0.8)",0.879863,0.827304,0.794881,0.879863,0.965188,0.974061,0.012988,0.003079
6353,exp,"(0.32, 0.08, 0.6)",0.869625,0.813925,0.780751,0.869625,0.955631,0.973379,0.012988,0.003079
6353,exp,"(0.4, 0.1, 0.5)",0.857338,0.803276,0.764437,0.857338,0.952901,0.969283,0.012988,0.003068
6353,exp,"(0.48, 0.12, 0.4)",0.838908,0.779113,0.737133,0.838908,0.943345,0.965188,0.012988,0.003068
6353,exp,"(0.64, 0.16, 0.2)",0.745392,0.671263,0.621092,0.745392,0.882594,0.924232,0.012988,0.003074
